<?xml version="1.0" encoding="UTF-8"?>
<GenRun Id="synth_1" LaunchPart="xc7z007sclg225-1" LaunchTime="1497644546">
  <File Type="RDS-PROPCONSTRS" Name="Z_system_wrapper_drc_synth.rpt"/>
  <File Type="PA-TCL" Name="Z_system_wrapper.tcl"/>
  <File Type="RDS-RDS" Name="Z_system_wrapper.vds"/>
  <File Type="RDS-UTIL" Name="Z_system_wrapper_utilization_synth.rpt"/>
  <File Type="RDS-UTIL-PB" Name="Z_system_wrapper_utilization_synth.pb"/>
  <File Type="RDS-DCP" Name="Z_system_wrapper.dcp"/>
  <File Type="VDS-TIMINGSUMMARY" Name="Z_system_wrapper_timing_summary_synth.rpt"/>
  <File Type="VDS-TIMING-PB" Name="Z_system_wrapper_timing_summary_synth.pb"/>
  <FileSet Name="sources" Type="DesignSrcs" RelSrcDir="$PSRCDIR/sources_1">
    <Filter Type="Srcs"/>
    <File Path="$PSRCDIR/sources_1/bd/Z_system/Z_system.bd">
      <FileInfo>
        <Attr Name="UsedIn" Val="synthesis"/>
        <Attr Name="UsedIn" Val="implementation"/>
        <Attr Name="UsedIn" Val="simulation"/>
      </FileInfo>
    </File>
    <File Path="$PSRCDIR/sources_1/bd/Z_system/hdl/Z_system_wrapper.vhd">
      <FileInfo>
        <Attr Name="UsedIn" Val="synthesis"/>
        <Attr Name="UsedIn" Val="simulation"/>
      </FileInfo>
    </File>
    <Config>
      <Option Name="DesignMode" Val="RTL"/>
      <Option Name="TopModule" Val="Z_system_wrapper"/>
      <Option Name="TopAutoSet" Val="TRUE"/>
    </Config>
  </FileSet>
  <FileSet Name="constrs_in" Type="Constrs" RelSrcDir="$PSRCDIR/constrs_1">
    <Filter Type="Constrs"/>
    <Config>
      <Option Name="ConstrsType" Val="XDC"/>
    </Config>
  </FileSet>
  <Strategy Version="1" Minor="2">
    <StratHandle Name="Vivado Synthesis Defaults" Flow="Vivado Synthesis 2017"/>
    <Step Id="synth_design"/>
  </Strategy>
  <BlockFileSet Type="BlockSrcs" Name="Z_system_auto_pc_0"/>
  <BlockFileSet Type="BlockSrcs" Name="Z_system_processing_system7_0_0"/>
  <BlockFileSet Type="BlockSrcs" Name="Z_system_axi_bram_ctrl_0_0"/>
  <BlockFileSet Type="BlockSrcs" Name="Z_system_axi_bram_ctrl_0_bram_0"/>
  <BlockFileSet Type="BlockSrcs" Name="Z_system_rst_ps7_0_50M_0"/>
  <BlockFileSet Type="BlockSrcs" Name="Z_system_auto_us_0"/>
</GenRun>
