<?xml version="1.0"?>
<Runs Version="1" Minor="0">
	<Run Id="Z_system_processing_system7_0_0_synth_1" LaunchDir="C:/Speedway/ZynqHW/2017_1/ZynqDesign/ZynqDesign.runs/Z_system_processing_system7_0_0_synth_1" FlowId="Vivado_Synthesis" FromStepId="vivado" ToStepId="vivado"/>
	<Run Id="synth_1" LaunchDir="C:/Speedway/ZynqHW/2017_1/ZynqDesign/ZynqDesign.runs/synth_1" FlowId="Vivado_Synthesis" FromStepId="vivado" ToStepId="vivado">
		<Parent Id="Z_system_processing_system7_0_0_synth_1"/>
	</Run>
	<Run Id="impl_1" LaunchDir="C:/Speedway/ZynqHW/2017_1/ZynqDesign/ZynqDesign.runs/impl_1" FlowId="Vivado_Implementation" FromStepId="init_design" ToStepId="write_bitstream">
		<Parent Id="synth_1"/>
		<Parent Id="Z_system_processing_system7_0_0_synth_1"/>
	</Run>
</Runs>

