<?xml version="1.0" encoding="UTF-8"?>
<GenRun Id="Z_system_axi_bram_ctrl_0_bram_0_synth_1" LaunchPart="xc7z007sclg225-1" LaunchTime="1497644424">
  <File Type="RDS-PROPCONSTRS" Name="Z_system_axi_bram_ctrl_0_bram_0_drc_synth.rpt"/>
  <File Type="PA-TCL" Name="Z_system_axi_bram_ctrl_0_bram_0.tcl"/>
  <File Type="RDS-RDS" Name="Z_system_axi_bram_ctrl_0_bram_0.vds"/>
  <File Type="RDS-UTIL" Name="Z_system_axi_bram_ctrl_0_bram_0_utilization_synth.rpt"/>
  <File Type="RDS-UTIL-PB" Name="Z_system_axi_bram_ctrl_0_bram_0_utilization_synth.pb"/>
  <File Type="RDS-DCP" Name="Z_system_axi_bram_ctrl_0_bram_0.dcp"/>
  <File Type="VDS-TIMINGSUMMARY" Name="Z_system_axi_bram_ctrl_0_bram_0_timing_summary_synth.rpt"/>
  <File Type="VDS-TIMING-PB" Name="Z_system_axi_bram_ctrl_0_bram_0_timing_summary_synth.pb"/>
  <FileSet Name="sources" Type="BlockSrcs" RelSrcDir="$PSRCDIR/Z_system_axi_bram_ctrl_0_bram_0">
    <File Path="$PSRCDIR/sources_1/bd/Z_system/ip/Z_system_axi_bram_ctrl_0_bram_0/Z_system_axi_bram_ctrl_0_bram_0.xci">
      <FileInfo>
        <Attr Name="UsedIn" Val="synthesis"/>
        <Attr Name="UsedIn" Val="implementation"/>
        <Attr Name="UsedIn" Val="simulation"/>
      </FileInfo>
    </File>
    <Config>
      <Option Name="TopModule" Val="Z_system_axi_bram_ctrl_0_bram_0"/>
      <Option Name="UseBlackboxStub" Val="1"/>
    </Config>
  </FileSet>
  <FileSet Name="constrs_in" Type="BlockSrcs" RelSrcDir="$PSRCDIR/Z_system_axi_bram_ctrl_0_bram_0">
    <File Path="$PSRCDIR/sources_1/bd/Z_system/ip/Z_system_axi_bram_ctrl_0_bram_0/Z_system_axi_bram_ctrl_0_bram_0.xci">
      <FileInfo>
        <Attr Name="UsedIn" Val="synthesis"/>
        <Attr Name="UsedIn" Val="implementation"/>
        <Attr Name="UsedIn" Val="simulation"/>
      </FileInfo>
    </File>
    <Config>
      <Option Name="TopModule" Val="Z_system_axi_bram_ctrl_0_bram_0"/>
      <Option Name="UseBlackboxStub" Val="1"/>
    </Config>
  </FileSet>
  <Strategy Version="1" Minor="2">
    <StratHandle Name="Vivado Synthesis Defaults" Flow="Vivado Synthesis 2017">
      <Desc>Vivado Synthesis Defaults</Desc>
    </StratHandle>
    <Step Id="synth_design"/>
  </Strategy>
</GenRun>
