<?xml version="1.0" encoding="UTF-8"?>
<!-- Product Version: Vivado v2017.1 (64-bit)                     -->
<!--                                                              -->
<!-- Copyright 1986-2017 Xilinx, Inc. All Rights Reserved.        -->

<hwsession version="1" minor="2">
  <device name="xc7z007s_1" gui_info="dashboard1=hw_ila_1[xc7z007s_1/hw_ila_1/Settings=ILA_SETTINGS_1;xc7z007s_1/hw_ila_1/Waveform=ILA_WAVE_1;xc7z007s_1/hw_ila_1/Capture Setup=ILA_CAPTURE_1;xc7z007s_1/hw_ila_1/Status=ILA_STATUS_1;xc7z007s_1/hw_ila_1/Trigger Setup=ILA_TRIGGER_1;]"/>
  <ObjectList object_type="hw_device" gui_info="">
    <Object name="xc7z007s_1" gui_info="">
      <Properties Property="FULL_PROBES.FILE" value="$_project_name_.runs/impl_1/Z_system_wrapper.ltx"/>
      <Properties Property="PROBES.FILE" value="$_project_name_.runs/impl_1/Z_system_wrapper.ltx"/>
      <Properties Property="PROGRAM.HW_BITSTREAM" value="$_project_name_.runs/impl_1/Z_system_wrapper.bit"/>
    </Object>
  </ObjectList>
  <ObjectList object_type="hw_ila" gui_info="">
    <Object name="Z_system_i/ila_0" gui_info="">
      <Properties Property="CONTROL.TRIGGER_CONDITION" value="AND"/>
      <Properties Property="CONTROL.TRIGGER_POSITION" value="500"/>
      <Properties Property="CORE_REFRESH_RATE_MS" value="500"/>
    </Object>
  </ObjectList>
  <ObjectList object_type="hw_probe" gui_info="">
    <Object name="Z_system_i/PWM_w_Int_0_Interrupt_Out" gui_info="Trigger Setup=0"/>
  </ObjectList>
  <probeset name="hw project" active="false">
    <probe type="ila" busType="bus" source="netlist" spec="ILA_V2_RT">
      <probeOptions Id="DebugProbeParams">
        <Option Id="CAPTURE_COMPARE_VALUE" value="eq32&apos;hXXXX_XXXX"/>
        <Option Id="COMPARE_VALUE.0" value="eq32&apos;hXXXX_XXXX"/>
        <Option Id="DISPLAY_HINT" value=""/>
        <Option Id="DISPLAY_VISIBILITY" value=""/>
        <Option Id="HW_ILA" value="hw_ila_1"/>
        <Option Id="MAP" value="probe2[31:0]"/>
        <Option Id="NAME.CUSTOM" value=""/>
        <Option Id="NAME.SELECT" value="Long"/>
        <Option Id="SOURCE" value="netlist"/>
        <Option Id="TRIGGER_COMPARE_VALUE" value="eq32&apos;hXXXX_XXXX"/>
      </probeOptions>
      <nets>
        <net name="Z_system_i/PWM_w_Int_0_DutyCycle[31]"/>
        <net name="Z_system_i/PWM_w_Int_0_DutyCycle[30]"/>
        <net name="Z_system_i/PWM_w_Int_0_DutyCycle[29]"/>
        <net name="Z_system_i/PWM_w_Int_0_DutyCycle[28]"/>
        <net name="Z_system_i/PWM_w_Int_0_DutyCycle[27]"/>
        <net name="Z_system_i/PWM_w_Int_0_DutyCycle[26]"/>
        <net name="Z_system_i/PWM_w_Int_0_DutyCycle[25]"/>
        <net name="Z_system_i/PWM_w_Int_0_DutyCycle[24]"/>
        <net name="Z_system_i/PWM_w_Int_0_DutyCycle[23]"/>
        <net name="Z_system_i/PWM_w_Int_0_DutyCycle[22]"/>
        <net name="Z_system_i/PWM_w_Int_0_DutyCycle[21]"/>
        <net name="Z_system_i/PWM_w_Int_0_DutyCycle[20]"/>
        <net name="Z_system_i/PWM_w_Int_0_DutyCycle[19]"/>
        <net name="Z_system_i/PWM_w_Int_0_DutyCycle[18]"/>
        <net name="Z_system_i/PWM_w_Int_0_DutyCycle[17]"/>
        <net name="Z_system_i/PWM_w_Int_0_DutyCycle[16]"/>
        <net name="Z_system_i/PWM_w_Int_0_DutyCycle[15]"/>
        <net name="Z_system_i/PWM_w_Int_0_DutyCycle[14]"/>
        <net name="Z_system_i/PWM_w_Int_0_DutyCycle[13]"/>
        <net name="Z_system_i/PWM_w_Int_0_DutyCycle[12]"/>
        <net name="Z_system_i/PWM_w_Int_0_DutyCycle[11]"/>
        <net name="Z_system_i/PWM_w_Int_0_DutyCycle[10]"/>
        <net name="Z_system_i/PWM_w_Int_0_DutyCycle[9]"/>
        <net name="Z_system_i/PWM_w_Int_0_DutyCycle[8]"/>
        <net name="Z_system_i/PWM_w_Int_0_DutyCycle[7]"/>
        <net name="Z_system_i/PWM_w_Int_0_DutyCycle[6]"/>
        <net name="Z_system_i/PWM_w_Int_0_DutyCycle[5]"/>
        <net name="Z_system_i/PWM_w_Int_0_DutyCycle[4]"/>
        <net name="Z_system_i/PWM_w_Int_0_DutyCycle[3]"/>
        <net name="Z_system_i/PWM_w_Int_0_DutyCycle[2]"/>
        <net name="Z_system_i/PWM_w_Int_0_DutyCycle[1]"/>
        <net name="Z_system_i/PWM_w_Int_0_DutyCycle[0]"/>
      </nets>
    </probe>
    <probe type="ila" busType="net" source="netlist" spec="ILA_V2_RT">
      <probeOptions Id="DebugProbeParams">
        <Option Id="CAPTURE_COMPARE_VALUE" value="eq1&apos;bX"/>
        <Option Id="COMPARE_VALUE.0" value="eq1&apos;bR"/>
        <Option Id="DISPLAY_HINT" value=""/>
        <Option Id="DISPLAY_VISIBILITY" value=""/>
        <Option Id="HW_ILA" value="hw_ila_1"/>
        <Option Id="MAP" value="probe3[0]"/>
        <Option Id="NAME.CUSTOM" value=""/>
        <Option Id="NAME.SELECT" value="Long"/>
        <Option Id="SOURCE" value="netlist"/>
        <Option Id="TRIGGER_COMPARE_VALUE" value="eq1&apos;bR"/>
      </probeOptions>
      <nets>
        <net name="Z_system_i/PWM_w_Int_0_Interrupt_Out"/>
      </nets>
    </probe>
    <probe type="ila" busType="bus" source="netlist" spec="ILA_V2_RT">
      <probeOptions Id="DebugProbeParams">
        <Option Id="CAPTURE_COMPARE_VALUE" value="eq8&apos;hXX"/>
        <Option Id="COMPARE_VALUE.0" value="eq8&apos;hXX"/>
        <Option Id="DISPLAY_HINT" value=""/>
        <Option Id="DISPLAY_VISIBILITY" value=""/>
        <Option Id="HW_ILA" value="hw_ila_1"/>
        <Option Id="MAP" value="probe0[7:0]"/>
        <Option Id="NAME.CUSTOM" value=""/>
        <Option Id="NAME.SELECT" value="Long"/>
        <Option Id="SOURCE" value="netlist"/>
        <Option Id="TRIGGER_COMPARE_VALUE" value="eq8&apos;hXX"/>
      </probeOptions>
      <nets>
        <net name="Z_system_i/PWM_w_Int_0_LEDs[7]"/>
        <net name="Z_system_i/PWM_w_Int_0_LEDs[6]"/>
        <net name="Z_system_i/PWM_w_Int_0_LEDs[5]"/>
        <net name="Z_system_i/PWM_w_Int_0_LEDs[4]"/>
        <net name="Z_system_i/PWM_w_Int_0_LEDs[3]"/>
        <net name="Z_system_i/PWM_w_Int_0_LEDs[2]"/>
        <net name="Z_system_i/PWM_w_Int_0_LEDs[1]"/>
        <net name="Z_system_i/PWM_w_Int_0_LEDs[0]"/>
      </nets>
    </probe>
    <probe type="ila" busType="bus" source="netlist" spec="ILA_V2_RT">
      <probeOptions Id="DebugProbeParams">
        <Option Id="CAPTURE_COMPARE_VALUE" value="eq20&apos;hX_XXXX"/>
        <Option Id="COMPARE_VALUE.0" value="eq20&apos;hX_XXXX"/>
        <Option Id="DISPLAY_HINT" value=""/>
        <Option Id="DISPLAY_VISIBILITY" value=""/>
        <Option Id="HW_ILA" value="hw_ila_1"/>
        <Option Id="MAP" value="probe1[19:0]"/>
        <Option Id="NAME.CUSTOM" value=""/>
        <Option Id="NAME.SELECT" value="Long"/>
        <Option Id="SOURCE" value="netlist"/>
        <Option Id="TRIGGER_COMPARE_VALUE" value="eq20&apos;hX_XXXX"/>
      </probeOptions>
      <nets>
        <net name="Z_system_i/PWM_w_Int_0_PWM_Counter[19]"/>
        <net name="Z_system_i/PWM_w_Int_0_PWM_Counter[18]"/>
        <net name="Z_system_i/PWM_w_Int_0_PWM_Counter[17]"/>
        <net name="Z_system_i/PWM_w_Int_0_PWM_Counter[16]"/>
        <net name="Z_system_i/PWM_w_Int_0_PWM_Counter[15]"/>
        <net name="Z_system_i/PWM_w_Int_0_PWM_Counter[14]"/>
        <net name="Z_system_i/PWM_w_Int_0_PWM_Counter[13]"/>
        <net name="Z_system_i/PWM_w_Int_0_PWM_Counter[12]"/>
        <net name="Z_system_i/PWM_w_Int_0_PWM_Counter[11]"/>
        <net name="Z_system_i/PWM_w_Int_0_PWM_Counter[10]"/>
        <net name="Z_system_i/PWM_w_Int_0_PWM_Counter[9]"/>
        <net name="Z_system_i/PWM_w_Int_0_PWM_Counter[8]"/>
        <net name="Z_system_i/PWM_w_Int_0_PWM_Counter[7]"/>
        <net name="Z_system_i/PWM_w_Int_0_PWM_Counter[6]"/>
        <net name="Z_system_i/PWM_w_Int_0_PWM_Counter[5]"/>
        <net name="Z_system_i/PWM_w_Int_0_PWM_Counter[4]"/>
        <net name="Z_system_i/PWM_w_Int_0_PWM_Counter[3]"/>
        <net name="Z_system_i/PWM_w_Int_0_PWM_Counter[2]"/>
        <net name="Z_system_i/PWM_w_Int_0_PWM_Counter[1]"/>
        <net name="Z_system_i/PWM_w_Int_0_PWM_Counter[0]"/>
      </nets>
    </probe>
  </probeset>
</hwsession>
